driver_id,total_fare,avg_distance
15,204.38,24.626666666666665
3,35.01,45.02
68,205.76,26.82
86,184.85,19.9
81,217.64,30.855
84,207.07999999999998,30.705
39,111.45,2.71
66,194.96999999999997,18.05
94,164.12999999999997,33.29333333333333
72,38.78,11.98
