driver_id,total_fare,avg_distance
54,8.24,43.04
73,159.12,20.700000000000003
8,66.03,34.73
43,150.72,32.394999999999996
68,92.2,6.29
92,41.39,7.545
33,321.49,36.205
67,165.23999999999998,19.905
24,27.43,48.51
37,116.15,20.33
63,133.28,20.42
