driver_id,total_fare,avg_distance
11,29.88,5.01
35,101.23,7.6
47,150.54000000000002,17.375
17,8.06,40.0
46,110.63,25.745
32,130.87,21.7
36,134.07,21.525
62,185.64999999999998,29.695
21,34.8,31.275
72,58.13,14.885
