driver_id,total_fare,avg_distance
15,58.56,16.0
29,220.37,43.69
30,164.6,11.875
34,79.0,24.82
59,88.34,49.07
78,78.44,27.095
89,125.87,35.385000000000005
95,119.2,27.79
82,30.27,48.64
33,297.6,35.53
67,132.64,15.76
13,316.24,28.636666666666667
